Date,ACMTP10
1961-06,0.165350
1961-07,0.411070
1961-08,0.300715
1961-09,0.205268
1961-10,0.303862
1961-11,0.083088
1961-12,-0.132671
1962-01,0.165735
1962-02,0.162358
1962-03,0.294503
1962-04,0.070220
1962-05,0.359964
1962-06,0.240981
1962-07,0.305409
1962-08,0.420801
1962-09,0.466888
1962-10,0.477301
1962-11,0.399728
1962-12,0.393207
1963-01,0.213960
1963-02,0.392271
1963-03,0.402339
1963-04,0.287639
1963-05,0.232672
1963-06,0.265029
1963-07,0.069514
1963-08,0.156828
1963-09,0.175191
1963-10,0.235215
1963-11,0.012878
1963-12,0.029482
1964-01,0.097957
1964-02,0.116473
1964-03,0.182599
1964-04,0.159843
1964-05,0.109610
1964-06,0.101619
1964-07,0.364443
1964-08,0.257879
1964-09,0.089073
1964-10,0.082222
1964-11,-0.052493
1964-12,0.006353
1965-01,0.287085
1965-02,0.189177
1965-03,0.068865
1965-04,0.023488
1965-05,-0.000643
1965-06,0.059344
1965-07,0.062921
1965-08,0.023012
1965-09,0.210374
1965-10,0.115243
1965-11,0.084273
1965-12,0.209307
1966-01,0.291946
1966-02,0.473091
1966-03,0.305660
1966-04,0.285290
1966-05,0.232872
1966-06,0.392238
1966-07,0.476738
1966-08,0.659549
1966-09,0.419473
1966-10,0.322165
1966-11,0.392241
1966-12,0.147387
1967-01,0.160159
1967-02,0.260984
1967-03,0.174008
1967-04,0.509484
1967-05,0.498163
1967-06,0.675338
1967-07,0.410006
1967-08,0.602887
1967-09,0.549084
1967-10,0.802638
1967-11,0.742999
1967-12,0.726972
1968-01,0.730801
1968-02,0.729105
1968-03,0.862999
1968-04,0.803280
1968-05,0.711428
1968-06,1.304558
1968-07,1.618107
1968-08,0.714767
1968-09,0.711551
1968-10,0.794064
1968-11,0.705786
1968-12,0.839075
1969-01,0.848533
1969-02,0.631639
1969-03,1.112467
1969-04,0.938442
1969-05,1.008066
1969-06,0.789485
1969-07,0.284694
1969-08,0.634232
1969-09,0.845966
1969-10,0.168577
1969-11,0.953789
1969-12,0.160862
1970-01,0.997318
1970-02,0.476737
1970-03,1.150549
1970-04,1.621462
1970-05,1.331951
1970-06,1.550013
1970-07,1.541746
1970-08,1.638013
1970-09,1.724567
1970-10,1.634828
1970-11,2.005910
1970-12,1.438250
1971-01,2.225729
1971-02,2.177745
1971-03,1.935775
1971-04,1.653024
1971-05,1.743754
1971-06,1.602041
1971-07,1.661068
1971-08,1.363352
1971-09,1.269798
1971-10,1.371797
1971-11,1.549405
1971-12,1.670069
1972-01,1.765943
1972-02,1.800470
1972-03,1.393018
1972-04,1.585861
1972-05,1.641993
1972-06,1.312855
1972-07,1.462076
1972-08,1.423234
1972-09,1.346987
1972-10,1.300888
1972-11,1.290616
1972-12,1.190020
1973-01,1.082091
1973-02,0.927078
1973-03,0.895225
1973-04,1.027158
1973-05,0.941763
1973-06,0.739832
1973-07,0.914210
1973-08,0.835624
1973-09,1.236973
1973-10,0.894674
1973-11,0.638103
1973-12,1.021324
1974-01,1.251208
1974-02,1.058099
1974-03,1.014484
1974-04,1.102841
1974-05,1.193205
1974-06,1.154958
1974-07,0.785646
1974-08,1.228644
1974-09,1.581103
1974-10,1.144945
1974-11,1.312092
1974-12,1.342477
1975-01,1.781017
1975-02,1.883542
1975-03,1.938164
1975-04,2.254098
1975-05,2.251891
1975-06,1.862898
1975-07,1.675535
1975-08,1.852329
1975-09,1.949940
1975-10,2.195264
1975-11,2.291460
1975-12,2.261348
1976-01,2.432659
1976-02,2.139177
1976-03,2.173075
1976-04,2.180267
1976-05,2.037969
1976-06,2.147945
1976-07,2.293037
1976-08,2.324897
1976-09,2.410083
1976-10,2.451670
1976-11,2.711839
1976-12,2.182151
1977-01,2.150926
1977-02,2.321788
1977-03,2.400253
1977-04,2.398580
1977-05,2.381506
1977-06,2.308718
1977-07,2.084406
1977-08,1.922184
1977-09,1.838546
1977-10,1.739976
1977-11,1.791510
1977-12,2.025499
1978-01,2.048373
1978-02,2.059020
1978-03,2.025603
1978-04,2.006638
1978-05,1.988116
1978-06,2.030579
1978-07,1.993116
1978-08,1.817990
1978-09,1.695719
1978-10,1.806940
1978-11,1.511855
1978-12,1.530153
1979-01,1.544986
1979-02,1.720745
1979-03,1.725489
1979-04,1.833017
1979-05,1.724539
1979-06,1.705157
1979-07,1.710378
1979-08,1.666079
1979-09,1.637902
1979-10,1.780964
1979-11,2.260752
1979-12,2.289906
1980-01,3.023569
1980-02,2.818141
1980-03,2.687784
1980-04,3.327894
1980-05,3.999548
1980-06,3.330417
1980-07,3.701631
1980-08,2.835259
1980-09,3.452231
1980-10,3.272897
1980-11,2.626819
1980-12,2.807164
1981-01,2.876963
1981-02,3.484214
1981-03,4.134723
1981-04,3.663428
1981-05,2.951526
1981-06,3.504418
1981-07,3.235590
1981-08,4.013302
1981-09,4.600346
1981-10,4.704657
1981-11,4.345009
1981-12,4.595931
1982-01,4.449366
1982-02,4.239478
1982-03,3.794866
1982-04,3.799277
1982-05,4.264304
1982-06,3.985284
1982-07,4.497410
1982-08,4.366183
1982-09,4.085525
1982-10,3.571738
1982-11,3.730923
1982-12,3.534163
1983-01,4.042598
1983-02,3.591207
1983-03,3.603596
1983-04,3.565434
1983-05,3.694496
1983-06,3.668254
1983-07,4.142267
1983-08,4.221721
1983-09,4.046322
1983-10,4.340245
1983-11,4.052463
1983-12,4.200596
1984-01,4.143934
1984-02,4.310921
1984-03,4.388854
1984-04,4.601464
1984-05,5.176689
1984-06,4.999262
1984-07,4.407000
1984-08,4.010614
1984-09,3.834148
1984-10,3.808416
1984-11,4.073574
1984-12,4.433874
1985-01,3.981685
1985-02,4.421422
1985-03,4.394051
1985-04,4.548980
1985-05,3.907882
1985-06,4.003055
1985-07,4.186386
1985-08,3.950150
1985-09,4.133978
1985-10,3.938324
1985-11,3.733921
1985-12,3.350713
1986-01,3.507209
1986-02,2.313243
1986-03,1.895260
1986-04,2.005979
1986-05,2.474407
1986-06,2.194829
1986-07,2.600856
1986-08,2.584174
1986-09,2.908721
1986-10,2.863632
1986-11,2.737628
1986-12,2.632636
1987-01,2.584472
1987-02,2.457854
1987-03,2.603043
1987-04,2.951257
1987-05,2.907943
1987-06,2.924165
1987-07,3.184127
1987-08,3.262180
1987-09,3.542568
1987-10,3.256327
1987-11,3.396432
1987-12,3.401509
1988-01,3.255173
1988-02,3.212939
1988-03,3.488627
1988-04,3.669220
1988-05,3.565531
1988-06,3.246246
1988-07,3.493130
1988-08,3.112822
1988-09,2.823240
1988-10,2.796760
1988-11,2.634784
1988-12,2.305722
1989-01,2.071405
1989-02,2.158972
1989-03,1.888944
1989-04,2.148816
1989-05,1.860753
1989-06,1.885426
1989-07,1.951975
1989-08,1.831870
1989-09,1.800333
1989-10,1.773678
1989-11,1.714785
1989-12,1.793047
1990-01,2.016276
1990-02,2.086531
1990-03,2.045593
1990-04,2.284713
1990-05,2.093332
1990-06,2.130146
1990-07,2.346824
1990-08,2.895220
1990-09,2.957378
1990-10,2.918579
1990-11,2.581490
1990-12,2.762382
1991-01,2.782451
1991-02,2.763902
1991-03,2.737028
1991-04,2.921492
1991-05,3.053433
1991-06,3.133741
1991-07,3.045241
1991-08,3.176688
1991-09,2.994715
1991-10,3.386843
1991-11,3.617669
1991-12,3.232151
1992-01,3.554572
1992-02,3.362979
1992-03,3.139996
1992-04,3.469101
1992-05,3.450318
1992-06,3.780693
1992-07,3.584061
1992-08,3.924513
1992-09,4.001437
1992-10,3.554266
1992-11,3.267172
1992-12,3.191339
1993-01,3.270443
1993-02,3.131235
1993-03,3.161625
1993-04,3.185610
1993-05,2.909861
1993-06,2.600453
1993-07,2.444819
1993-08,2.273135
1993-09,2.159763
1993-10,2.133743
1993-11,2.380576
1993-12,2.389306
1994-01,2.232678
1994-02,2.492209
1994-03,2.694633
1994-04,2.582622
1994-05,2.560858
1994-06,2.765577
1994-07,2.508118
1994-08,2.440925
1994-09,2.575732
1994-10,2.600211
1994-11,2.203865
1994-12,1.976006
1995-01,1.917649
1995-02,1.960533
1995-03,1.934083
1995-04,1.829894
1995-05,1.571333
1995-06,1.489359
1995-07,1.672254
1995-08,1.518469
1995-09,1.352169
1995-10,1.306522
1995-11,1.229355
1995-12,1.128826
1996-01,1.354378
1996-02,1.700893
1996-03,1.729951
1996-04,1.851096
1996-05,1.849011
1996-06,1.774887
1996-07,1.739180
1996-08,1.945758
1996-09,1.812017
1996-10,1.591681
1996-11,1.357803
1996-12,1.500664
1997-01,1.604020
1997-02,1.560653
1997-03,1.747177
1997-04,1.648178
1997-05,1.654233
1997-06,1.529259
1997-07,1.211401
1997-08,1.458606
1997-09,1.334864
1997-10,1.095581
1997-11,0.894062
1997-12,0.850771
1998-01,0.963679
1998-02,0.900999
1998-03,0.886771
1998-04,1.029833
1998-05,0.884965
1998-06,0.715608
1998-07,0.746585
1998-08,0.656367
1998-09,0.628786
1998-10,0.993579
1998-11,0.686960
1998-12,0.780153
1999-01,0.826046
1999-02,1.079915
1999-03,1.250450
1999-04,1.235897
1999-05,1.248996
1999-06,1.513487
1999-07,1.487432
1999-08,1.610793
1999-09,1.659822
1999-10,1.610846
1999-11,1.634099
1999-12,1.781014
2000-01,1.340522
2000-02,1.132281
2000-03,0.803280
2000-04,0.823949
2000-05,0.949587
2000-06,0.921877
2000-07,0.771979
2000-08,0.666272
2000-09,0.997648
2000-10,0.828136
2000-11,0.718925
2000-12,0.777758
2001-01,1.120400
2001-02,1.082582
2001-03,1.365775
2001-04,1.689487
2001-05,1.826881
2001-06,1.806172
2001-07,1.651076
2001-08,1.600025
2001-09,2.070547
2001-10,1.900587
2001-11,2.313141
2001-12,2.394153
2002-01,2.289287
2002-02,2.309499
2002-03,2.402736
2002-04,2.260251
2002-05,2.396679
2002-06,2.354318
2002-07,2.414109
2002-08,2.184446
2002-09,2.038452
2002-10,2.391834
2002-11,2.375558
2002-12,2.239765
2003-01,2.208564
2003-02,2.056854
2003-03,2.192221
2003-04,2.151313
2003-05,1.820993
2003-06,1.965086
2003-07,2.797297
2003-08,2.532883
2003-09,2.309397
2003-10,2.453931
2003-11,2.333355
2003-12,2.344143
2004-01,2.208152
2004-02,2.091634
2004-03,2.087940
2004-04,2.305931
2004-05,2.311217
2004-06,2.140511
2004-07,2.010109
2004-08,1.812606
2004-09,1.637645
2004-10,1.556094
2004-11,1.558667
2004-12,1.337212
2005-01,0.974670
2005-02,0.944244
2005-03,0.961386
2005-04,0.716086
2005-05,0.503296
2005-06,0.346714
2005-07,0.416669
2005-08,0.261762
2005-09,0.436950
2005-10,0.515533
2005-11,0.487627
2005-12,0.227769
2006-01,0.275793
2006-02,0.140507
2006-03,0.472455
2006-04,0.713590
2006-05,0.673030
2006-06,0.585332
2006-07,0.514335
2006-08,0.364624
2006-09,0.300157
2006-10,0.259152
2006-11,0.156667
2006-12,0.300438
2007-01,0.328254
2007-02,0.277241
2007-03,0.441451
2007-04,0.397705
2007-05,0.451566
2007-06,0.634895
2007-07,0.623675
2007-08,0.773929
2007-09,0.971934
2007-10,0.873706
2007-11,1.112331
2007-12,1.240290
2008-01,1.557394
2008-02,1.804921
2008-03,1.929902
2008-04,1.569248
2008-05,1.577145
2008-06,1.441944
2008-07,1.581580
2008-08,1.552415
2008-09,2.031272
2008-10,3.437555
2008-11,2.392227
2008-12,1.470310
2009-01,2.229198
2009-02,2.255940
2009-03,1.703507
2009-04,2.152842
2009-05,2.607934
2009-06,2.368154
2009-07,2.281118
2009-08,2.267393
2009-09,2.107663
2009-10,2.250924
2009-11,2.233471
2009-12,2.550263
2010-01,2.529715
2010-02,2.572127
2010-03,2.534319
2010-04,2.327182
2010-05,2.050670
2010-06,1.789426
2010-07,1.913735
2010-08,1.267475
2010-09,1.466902
2010-10,1.791751
2010-11,1.832434
2010-12,2.143367
2011-01,2.423291
2011-02,2.161849
2011-03,2.135697
2011-04,2.236668
2011-05,2.088407
2011-06,2.293853
2011-07,1.988263
2011-08,1.267498
2011-09,0.651183
2011-10,1.046312
2011-11,0.897201
2011-12,0.598608
2012-01,0.592398
2012-02,0.682789
2012-03,1.014228
2012-04,0.685896
2012-05,0.074172
2012-06,0.161547
2012-07,0.059180
2012-08,0.156173
2012-09,0.254023
2012-10,0.274691
2012-11,0.185963
2012-12,0.398756
2013-01,0.737252
2013-02,0.623464
2013-03,0.562601
2013-04,0.337370
2013-05,0.877931
2013-06,1.169773
2013-07,1.431841
2013-08,1.477695
2013-09,1.470779
2013-10,1.434703
2013-11,1.775875
2013-12,1.865113
2014-01,1.403634
2014-02,1.337147
2014-03,1.150731
2014-04,1.083327
2014-05,0.876260
2014-06,0.865123
2014-07,0.712969
2014-08,0.442520
2014-09,0.570326
2014-10,0.484368
2014-11,0.272799
2014-12,0.041218
2015-01,-0.265666
2015-02,-0.056378
2015-03,-0.034654
2015-04,0.147993
2015-05,0.249126
2015-06,0.488443
2015-07,0.249574
2015-08,0.264693
2015-09,0.203698
2015-10,0.182525
2015-11,0.130987
2015-12,0.111150
2016-01,-0.021296
2016-02,-0.246545
2016-03,-0.170834
2016-04,-0.187451
2016-05,-0.288630
2016-06,-0.515308
2016-07,-0.617923
2016-08,-0.619702
2016-09,-0.525267
2016-10,-0.278463
2016-11,0.134564
2016-12,0.185751
2017-01,0.178569
2017-02,0.017085
2017-03,-0.002703
2017-04,-0.087535
2017-05,-0.205075
2017-06,-0.168973
2017-07,-0.125587
2017-08,-0.326362
2017-09,-0.211444
2017-10,-0.261778
2017-11,-0.353964
2017-12,-0.472287
2018-01,-0.343231
2018-02,-0.205002
2018-03,-0.408303
2018-04,-0.342464
2018-05,-0.415311
2018-06,-0.381084
2018-07,-0.370355
2018-08,-0.453516
2018-09,-0.346284
2018-10,-0.219634
2018-11,-0.375907
2018-12,-0.531719
2019-01,-0.590638
2019-02,-0.518954
2019-03,-0.709471
2019-04,-0.558029
2019-05,-0.815569
2019-06,-0.811679
2019-07,-0.920488
2019-08,-1.279182
2019-09,-1.146678
2019-10,-1.039237
2019-11,-0.997397
2019-12,-0.775924
2020-01,-1.109005
2020-02,-1.272066
2020-03,-1.185924
2020-04,-1.279317
2020-05,-1.235562
2020-06,-1.212994
2020-07,-1.356665
2020-08,-1.095890
2020-09,-1.162226
2020-10,-0.901497
2020-11,-0.953911
2020-12,-0.799089
2021-01,-0.519461
2021-02,-0.101117
2021-03,0.301642
2021-04,0.169543
2021-05,0.140787
2021-06,-0.261869
2021-07,-0.481588
2021-08,-0.477056
2021-09,-0.302053
2021-10,-0.469528
2021-11,-0.710588
2021-12,-0.667472
2022-01,-0.646546
2022-02,-0.781025
2022-03,-0.847301
2022-04,-0.382081
2022-05,-0.374386
2022-06,-0.335301
2022-07,-0.864349
2022-08,-0.746144
2022-09,-0.503843
2022-10,-0.194532
2022-11,-0.740216
2022-12,-0.570623
2023-01,-0.790720
2023-02,-0.485284
2023-03,-0.721369
2023-04,-0.732718
2023-05,-0.680490
2023-06,-0.758638
2023-07,-0.624335
2023-08,-0.509865
2023-09,0.151137
2023-10,0.405088
2023-11,0.056133
2023-12,-0.335465
2024-01,-0.204622
2024-02,-0.157907
2024-03,-0.263836
2024-04,-0.035400
2024-05,0.005391
2024-06,-0.123758
2024-07,-0.113818
2024-08,-0.126836
2024-09,-0.111534
2024-10,0.162907
2024-11,0.083053
2024-12,0.479966
2025-01,0.489486
2025-02,0.260621
2025-03,0.370343
2025-04,0.593276
2025-05,0.739392
2025-06,0.623884
2025-07,0.633158
2025-08,0.775481
2025-09,0.613911
2025-10,0.565909
2025-11,0.585678
2025-12,0.754020
2026-01,0.767736
2026-02,0.598945
2026-03,0.655519
2026-04,0.720359
2026-05,0.666217
2026-06,0.512276
2026-07,0.837552
